CREATE DATABASE IF NOT EXISTS shoply;
USE shoply;
CREATE TABLE Customers (
    customer_id INT PRIMARY KEY AUTO_INCREMENT,
    customer_name VARCHAR(100) NOT NULL,
    email VARCHAR(100) NOT NULL UNIQUE,
    city VARCHAR(50),
    signup_date DATE NOT NULL
);
CREATE TABLE Products (
    product_id INT PRIMARY KEY AUTO_INCREMENT,
    product_name VARCHAR(100) NOT NULL,
    category VARCHAR(50),
    price DECIMAL(10,2) NOT NULL,
    is_active BOOLEAN DEFAULT TRUE
);
CREATE TABLE Orders (
    order_id INT PRIMARY KEY AUTO_INCREMENT,
    customer_id INT NOT NULL,
    order_date DATE NOT NULL,
    order_status VARCHAR(20),
    total_amount DECIMAL(10,2),
    FOREIGN KEY (customer_id) REFERENCES Customers(customer_id)
);
CREATE TABLE Order_Items (
    order_item_id INT PRIMARY KEY AUTO_INCREMENT,
    order_id INT NOT NULL,
    product_id INT NOT NULL,
    quantity INT NOT NULL,
    item_price DECIMAL(10,2) NOT NULL,
    FOREIGN KEY (order_id) REFERENCES Orders(order_id),
    FOREIGN KEY (product_id) REFERENCES Products(product_id)
);
CREATE TABLE Payments (
    payment_id INT PRIMARY KEY AUTO_INCREMENT,
    order_id INT NOT NULL,
    payment_date DATE,
    payment_method VARCHAR(30),
    payment_status VARCHAR(20),
    paid_amount DECIMAL(10,2),
    FOREIGN KEY (order_id) REFERENCES Orders(order_id)
);

INSERT INTO Customers (customer_id, customer_name, email, city, signup_date) VALUES
(1,'Amit Sharma','amit.sharma@gmail.com','Mumbai','2023-01-12'),
(2,'Neha Verma','neha.verma@gmail.com','Delhi','2023-01-15'),
(3,'Rahul Mehta','rahul.mehta@gmail.com','Ahmedabad','2023-02-01'),
(4,'Priya Singh','priya.singh@gmail.com','Lucknow','2023-02-05'),
(5,'Suresh Iyer','suresh.iyer@gmail.com','Chennai','2023-02-12'),
(6,'Anjali Kulkarni','anjali.k@gmail.com','Pune','2023-02-20'),
(7,'Rohit Patil','rohit.patil@gmail.com','pune','2023-03-01'),
(8,'Kavita Nair','kavita.nair@gmail.com','Kochi','2023-03-04'),
(9,'Manish Gupta','manish.gupta@gmail.com','Delhi','2023-03-10'),
(10,'Sneha Joshi','sneha.j@gmail.com',NULL,'2023-03-15'),

(11,'Vikas Malhotra','vikas.m@gmail.com','Gurgaon','2023-03-18'),
(12,'Pooja Bansal','pooja.b@gmail.com','Delhi','2023-03-22'),
(13,'Arjun Reddy','arjun.reddy@gmail.com','Hyderabad','2023-04-01'),
(14,'Swati Deshpande','swati.d@gmail.com','Nagpur','2023-04-04'),
(15,'Nitin Sawant','nitin.s@gmail.com','Mumbai','2023-04-08'),
(16,'Rina Chatterjee','rina.c@gmail.com','Kolkata','2023-04-10'),
(17,'Deepak Yadav','deepak.y@gmail.com','Noida','2023-04-12'),
(18,'Meenal Shah','meenal.shah@gmail.com','Ahmedabad','2023-04-15'),
(19,'Akash Jain','akash.j@gmail.com','Indore','2023-04-20'),
(20,'Pallavi Kulkarni','pallavi.k@gmail.com',NULL,'2023-04-25'),

(21,'Sanjay Mishra','sanjay.m@gmail.com','Varanasi','2023-05-01'),
(22,'Ayesha Khan','ayesha.k@gmail.com','Mumbai','2023-05-04'),
(23,'Imran Ali','imran.a@gmail.com','Hyderabad','2023-05-07'),
(24,'Ritu Saxena','ritu.s@gmail.com','Jaipur','2023-05-10'),
(25,'Kunal Kapoor','kunal.k@gmail.com','Delhi','2023-05-14'),
(26,'Shilpa Rao','shilpa.r@gmail.com','Bengaluru','2023-05-18'),
(27,'Harsh Agarwal','harsh.a@gmail.com','Kanpur','2023-05-20'),
(28,'Nisha Pandey','nisha.p@gmail.com','Patna','2023-05-25'),
(29,'Gaurav Khanna','gaurav.k@gmail.com','Chandigarh','2023-06-01'),
(30,'Sunita Malhotra','sunita.m@gmail.com',NULL,'2023-06-04'),

(31,'Vivek Tiwari','vivek.t@gmail.com','Bhopal','2023-06-08'),
(32,'Ankur Srivastava','ankur.s@gmail.com','Allahabad','2023-06-12'),
(33,'Rashmi Kulshreshtha','rashmi.k@gmail.com','Agra','2023-06-15'),
(34,'Tarun Arora','tarun.a@gmail.com','Delhi','2023-06-18'),
(35,'Bhavya Jain','bhavya.j@gmail.com','Udaipur','2023-06-22'),
(36,'Mohan Das','mohan.d@gmail.com','Trivandrum','2023-06-25'),
(37,'Sonal Desai','sonal.d@gmail.com','Surat','2023-07-01'),
(38,'Ramesh Pawar','ramesh.p@gmail.com','Nashik','2023-07-05'),
(39,'Ishita Bose','ishita.b@gmail.com','Kolkata','2023-07-08'),
(40,'Naveen Kumar','naveen.k@gmail.com',NULL,'2023-07-12'),

(41,'Alok Verma','alok.v@gmail.com','Meerut','2023-07-15'),
(42,'Komal Arora','komal.a@gmail.com','Faridabad','2023-07-18'),
(43,'Sameer Sheikh','sameer.s@gmail.com','Mumbai','2023-07-20'),
(44,'Fatima Noor','fatima.n@gmail.com','Hyderabad','2023-07-25'),
(45,'Puneet Goyal','puneet.g@gmail.com','Panipat','2023-07-28'),
(46,'Megha Bhat','megha.b@gmail.com','Mangalore','2023-08-01'),
(47,'Karthik Subramanian','karthik.s@gmail.com','Chennai','2023-08-05'),
(48,'Aditi Kulkarni','aditi.k@gmail.com','Pune','2023-08-08'),
(49,'Yogesh Rane','yogesh.r@gmail.com','Ratnagiri','2023-08-12'),
(50,'Shweta Mishra','shweta.m@gmail.com',NULL,'2023-08-15'),

(51,'Rohini Kulkarni','rohini.k@gmail.com','Satara','2023-08-18'),
(52,'Pradeep Soni','pradeep.s@gmail.com','Ujjain','2023-08-22'),
(53,'Neeraj Chauhan','neeraj.c@gmail.com','Dehradun','2023-08-25'),
(54,'Kriti Malviya','kriti.m@gmail.com','Bhopal','2023-08-28'),
(55,'Ashok Pillai','ashok.p@gmail.com','Kollam','2023-09-01'),
(56,'Divya Shetty','divya.s@gmail.com','Udupi','2023-09-04'),
(57,'Rajat Bansal','rajat.b@gmail.com','Hisar','2023-09-08'),
(58,'Monika Goel','monika.g@gmail.com','Rohtak','2023-09-10'),
(59,'Siddharth Roy','siddharth.r@gmail.com','Durgapur','2023-09-14'),
(60,'Pankaj Tripathi','pankaj.t@gmail.com',NULL,'2023-09-18'),

(61,'Namita Kulkarni','namita.k@gmail.com','Kolhapur','2023-09-22'),
(62,'Abhishek Dubey','abhishek.d@gmail.com','Rewa','2023-09-25'),
(63,'Rekha Menon','rekha.m@gmail.com','Thrissur','2023-09-28'),
(64,'Tushar Bhide','tushar.b@gmail.com','Thane','2023-10-01'),
(65,'Shalini Arora','shalini.a@gmail.com','Delhi','2023-10-05'),
(66,'Ajay Saxena','ajay.s@gmail.com','Aligarh','2023-10-08'),
(67,'Mitali Sen','mitali.s@gmail.com','Howrah','2023-10-12'),
(68,'Prashant Kulkarni','prashant.k@gmail.com','Aurangabad','2023-10-15'),
(69,'Nikhil Jadhav','nikhil.j@gmail.com','Solapur','2023-10-18'),
(70,'Tanvi Deshpande','tanvi.d@gmail.com',NULL,'2023-10-22'),

(71,'Rakesh Gupta','rakesh.g@gmail.com','Jaipur','2023-10-25'),
(72,'Bharti Mishra','bharti.m@gmail.com','Gwalior','2023-10-28'),
(73,'Anita Paul','anita.p@gmail.com','Asansol','2023-11-01'),
(74,'Saurabh Kulkarni','saurabh.k@gmail.com','Pune','2023-11-04'),
(75,'Irfan Pathan','irfan.p@gmail.com','Vadodara','2023-11-08'),
(76,'Kiran Rao','kiran.r@gmail.com','Hubli','2023-11-12'),
(77,'Mahesh Naik','mahesh.n@gmail.com','Karwar','2023-11-15'),
(78,'Ritu Malhotra','ritu.m@gmail.com','Delhi','2023-11-18'),
(79,'Devika Nair','devika.n@gmail.com','Kottayam','2023-11-22'),
(80,'Anmol Khurana','anmol.k@gmail.com',NULL,'2023-11-25'),

(81,'Sachin Tendulkar','sachin.t@gmail.com','Mumbai','2023-12-01'),
(82,'Smita Joshi','smita.j@gmail.com','Pune','2023-12-04'),
(83,'Rohit Kulkarni','rohit.k@gmail.com','Nanded','2023-12-08'),
(84,'Kunal Shah','kunal.s@gmail.com','Rajkot','2023-12-12'),
(85,'Meena Iyer','meena.i@gmail.com','Chennai','2023-12-15'),
(86,'Nilesh Patankar','nilesh.p@gmail.com','Ratlam','2023-12-18'),
(87,'Apoorva Desai','apoorva.d@gmail.com','Valsad','2023-12-20'),
(88,'Jatin Arora','jatin.a@gmail.com','Ambala','2023-12-22'),
(89,'Priti Kulkarni','priti.k@gmail.com','Sangli','2023-12-25'),
(90,'Yash Mahajan','yash.m@gmail.com',NULL,'2023-12-28'),

(91,'Snehal Patil','snehal.p@gmail.com','Jalgaon','2024-01-02'),
(92,'Abhay Kulkarni','abhay.k@gmail.com','Amravati','2024-01-05'),
(93,'Richa Agarwal','richa.a@gmail.com','Bareilly','2024-01-08'),
(94,'Dinesh Verma','dinesh.v@gmail.com','Hapur','2024-01-10'),
(95,'Sharmila Ghosh','sharmila.g@gmail.com','Kalyani','2024-01-12'),
(96,'Vimal Jain','vimal.j@gmail.com','Neemuch','2024-01-15'),
(97,'Kavya Menon','kavya.m@gmail.com','Alappuzha','2024-01-18'),
(98,'Rajesh Pillai','rajesh.p@gmail.com','Palakkad','2024-01-20'),
(99,'Ankita Thakur','ankita.t@gmail.com','Shimla','2024-01-22'),
(100,'Suresh Naidu','suresh.n@gmail.com',NULL,'2024-01-25');

INSERT INTO Products (product_id, product_name, category, price, is_active) VALUES
(1,'iPhone 14','Electronics',69999,1),
(2,'Samsung Galaxy S22','electronics',64999,1),
(3,'OnePlus 11','Electronics',55999,1),
(4,'Redmi Note 12','Electronics',17999,1),
(5,'Realme Narzo','Electronics',15999,1),
(6,'HP Pavilion Laptop','Electronics',58999,1),
(7,'Dell Inspiron','electronics',61999,1),
(8,'Lenovo ThinkPad','Electronics',74999,1),
(9,'Asus Vivobook','Electronics',52999,1),
(10,'Acer Aspire','Electronics',49999,1),

(11,'Sony Headphones','Accessories',2999,1),
(12,'Boat Headphones','accessories',1999,1),
(13,'JBL Speaker','Accessories',4999,1),
(14,'Apple AirPods','Accessories',12999,1),
(15,'Samsung Buds','Accessories',8999,1),
(16,'Mi Power Bank','Accessories',1499,1),
(17,'Ambrane Power Bank','Accessories',1299,1),
(18,'Logitech Mouse','Accessories',799,1),
(19,'HP Keyboard','Accessories',999,1),
(20,'Dell Keyboard','Accessories',0,1),

(21,'Nike Running Shoes','Footwear',4999,1),
(22,'Adidas Sneakers','footwear',5999,1),
(23,'Puma Sports Shoes','Footwear',5499,1),
(24,'Reebok Trainers','Footwear',-1,1),
(25,'Bata Formal Shoes','Footwear',2999,1),
(26,'Woodland Boots','Footwear',6999,1),
(27,'Sparx Casual Shoes','Footwear',1999,1),
(28,'Campus Shoes','Footwear',1799,1),
(29,'Action Sandals','Footwear',1499,1),
(30,'Relaxo Slippers','Footwear',999,1),

(31,'Levi Jeans','Clothing',2499,1),
(32,'Wrangler Jeans','clothing',2299,1),
(33,'Lee Jeans','Clothing',2199,1),
(34,'Roadster Shirt','Clothing',1499,1),
(35,'Allen Solly Shirt','Clothing',1999,1),
(36,'Peter England Shirt','Clothing',1899,1),
(37,'Van Heusen Shirt','Clothing',2099,1),
(38,'Raymond Trousers','Clothing',2599,1),
(39,'Louis Philippe Pants','Clothing',2799,1),
(40,'Zara Jacket','Clothing',0,1),

(41,'H&M T-Shirt','Clothing',999,1),
(42,'Puma T-Shirt','clothing',1299,1),
(43,'Nike T-Shirt','Clothing',1499,1),
(44,'Adidas Track Pants','Clothing',1999,1),
(45,'HRX Shorts','Clothing',899,1),
(46,'Decathlon Shorts','Clothing',799,1),
(47,'Wildcraft Jacket','Clothing',3499,1),
(48,'UCB Sweater','Clothing',2999,1),
(49,'Roadster Hoodie','Clothing',1999,1),
(50,'Max Hoodie','Clothing',-1,1),

(51,'Prestige Cooker','Home Appliances',2999,1),
(52,'Pigeon Cooker','home appliances',2799,1),
(53,'Philips Mixer','Home Appliances',4999,1),
(54,'Bajaj Mixer','Home Appliances',4599,1),
(55,'Prestige Gas Stove','Home Appliances',6999,1),
(56,'Butterfly Stove','Home Appliances',6499,1),
(57,'LG Refrigerator','Home Appliances',32999,1),
(58,'Samsung Refrigerator','Home Appliances',34999,1),
(59,'Whirlpool Washing Machine','Home Appliances',28999,1),
(60,'IFB Washing Machine','Home Appliances',0,1),

(61,'Sony TV 42 Inch','Electronics',42999,1),
(62,'LG TV 43 Inch','Electronics',39999,1),
(63,'Samsung TV 50 Inch','Electronics',54999,1),
(64,'Mi TV 40 Inch','Electronics',25999,1),
(65,'OnePlus TV','Electronics',49999,1),
(66,'Boat Soundbar','Electronics',8999,1),
(67,'Sony Soundbar','Electronics',15999,1),
(68,'JBL Soundbar','Electronics',13999,1),
(69,'Zebronics Speaker','Electronics',4999,1),
(70,'Portronics Speaker','Electronics',0,1),

(71,'Classmate Notebook','Stationery',199,1),
(72,'Navneet Notebook','stationery',179,1),
(73,'Cello Pen','Stationery',20,1),
(74,'Reynolds Pen','Stationery',15,1),
(75,'Parker Pen','Stationery',799,1),
(76,'Camel Paints','Stationery',349,1),
(77,'Apsara Pencils','Stationery',99,1),
(78,'Nataraj Sharpener','Stationery',25,1),
(79,'Faber Castell Kit','Stationery',599,1),
(80,'Doms Geometry Box','Stationery',0,1),

(81,'Ikea Chair','Furniture',2999,1),
(82,'Ikea Table','furniture',4999,1),
(83,'Nilkamal Chair','Furniture',1999,1),
(84,'Godrej Almirah','Furniture',12999,1),
(85,'Urban Ladder Sofa','Furniture',35999,1),
(86,'Durian Sofa','Furniture',39999,1),
(87,'Wakefit Mattress','Furniture',14999,1),
(88,'Sleepwell Mattress','Furniture',17999,1),
(89,'HomeTown Bed','Furniture',24999,1),
(90,'Pepperfry Bed','Furniture',0,1),

(91,'Loreal Shampoo','Personal Care',499,1),
(92,'Dove Shampoo','personal care',399,1),
(93,'Clinic Plus Shampoo','Personal Care',299,1),
(94,'Nivea Face Wash','Personal Care',199,1),
(95,'Garnier Face Wash','Personal Care',249,1),
(96,'Himalaya Cream','Personal Care',179,1),
(97,'Mamaearth Lotion','Personal Care',349,1),
(98,'Vaseline Lotion','Personal Care',299,1),
(99,'Ponds Cream','Personal Care',259,1),
(100,'Lakme Sunscreen','Personal Care',0,1);

INSERT INTO Orders (customer_id, order_date, order_status, total_amount) VALUES
(1,'2025-01-05','Completed',2500.00),
(2,'2025-02-12','completed',1800.50),
(3,'2025-03-19','PENDING',NULL),
(4,'2025-04-03','Shipped',3200.00),
(5,'2025-04-15','Cancelled',0.00),
(6,'2025-05-07','Completed',4100.75),
(7,'2025-05-19','Pending',NULL),
(8,'2025-06-02','completed',950.00),
(9,'2025-06-18','SHIPPED',2200.00),
(10,'2025-07-01','Completed',1750.00),

(11,'2025-07-15','pending',NULL),
(12,'2025-07-28','Completed',2999.99),
(13,'2025-08-09','Cancelled',NULL),
(14,'2025-08-21','Completed',5200.00),
(15,'2025-09-02','SHIPPED',1300.00),
(16,'2025-09-14','Completed',410.00),
(17,'2025-09-27','Pending',NULL),
(18,'2025-10-09','completed',2750.00),
(19,'2025-10-21','Cancelled',0.00),
(20,'2025-11-03','Completed',1900.00),

(21,'2025-11-15','SHIPPED',3500.00),
(22,'2025-11-27','Pending',NULL),
(23,'2025-12-09','Completed',4200.00),
(24,'2025-12-21','completed',1100.00),
(25,'2025-12-31','Cancelled',NULL),
(26,'2026-01-03','Completed',2600.00),
(27,'2026-01-06','pending',NULL),
(28,'2026-01-09','Completed',3150.00),
(29,'2026-01-12','SHIPPED',2800.00),
(30,'2026-01-15','Completed',1750.00),

(31,'2025-01-12','Pending',NULL),
(32,'2025-02-05','completed',4950.00),
(33,'2025-03-16','Cancelled',0.00),
(34,'2025-04-07','Completed',3400.00),
(35,'2025-05-20','SHIPPED',1800.00),
(36,'2025-06-11','Pending',NULL),
(37,'2025-07-22','Completed',3100.00),
(38,'2025-08-13','completed',999.99),
(39,'2025-09-25','Cancelled',NULL),
(40,'2025-10-16','Completed',2100.00),

(41,'2025-11-06','SHIPPED',2700.00),
(42,'2025-12-18','Pending',NULL),
(43,'2025-12-30','Completed',3850.00),
(44,'2026-01-04','completed',1200.00),
(45,'2026-01-07','Cancelled',0.00),
(46,'2026-01-10','Completed',2600.00),
(47,'2025-02-14','pending',NULL),
(48,'2025-03-27','Completed',4550.00),
(49,'2025-04-08','SHIPPED',3100.00),
(50,'2025-05-21','Completed',1800.00),

(51,'2025-06-03','Pending',NULL),
(52,'2025-07-16','completed',5000.00),
(53,'2025-08-29','Cancelled',NULL),
(54,'2025-09-10','Completed',2400.00),
(55,'2025-10-23','SHIPPED',1700.00),
(56,'2025-11-05','Pending',NULL),
(57,'2025-12-18','Completed',3100.00),
(58,'2026-01-02','completed',2750.00),
(59,'2025-03-12','Cancelled',NULL),
(60,'2025-04-25','Completed',1850.00),

(61,'2025-05-08','Pending',NULL),
(62,'2025-06-21','completed',5200.00),
(63,'2025-07-03','Cancelled',0.00),
(64,'2025-08-16','Completed',2300.00),
(65,'2025-09-29','SHIPPED',1700.00),
(66,'2025-10-12','Pending',NULL),
(67,'2025-11-25','Completed',3100.00),
(68,'2025-12-08','completed',2750.00),
(69,'2026-01-21','Cancelled',NULL),
(70,'2025-03-05','Completed',1850.00),

(71,'2025-04-18','Pending',NULL),
(72,'2025-05-31','completed',4100.00),
(73,'2025-06-13','Cancelled',0.00),
(74,'2025-07-26','Completed',2400.00),
(75,'2025-08-08','SHIPPED',1700.00),
(76,'2025-09-21','Pending',NULL),
(77,'2025-10-03','Completed',3100.00),
(78,'2025-11-16','completed',2750.00),
(79,'2025-12-29','Cancelled',NULL),
(80,'2026-01-12','Completed',1850.00),

(81,'2025-01-20','Pending',NULL),
(82,'2025-02-02','completed',4800.00),
(83,'2025-03-15','Cancelled',0.00),
(84,'2025-04-28','Completed',2300.00),
(85,'2025-05-10','SHIPPED',1700.00),
(86,'2025-06-23','Pending',NULL),
(87,'2025-07-06','Completed',3100.00),
(88,'2025-08-19','completed',2750.00),
(89,'2025-09-01','Cancelled',NULL),
(90,'2025-10-14','Completed',1850.00),

(91,'2025-11-27','Pending',NULL),
(92,'2025-12-09','completed',5200.00),
(93,'2026-01-22','Cancelled',0.00),
(94,'2025-02-04','Completed',2400.00),
(95,'2025-03-17','SHIPPED',1700.00),
(96,'2025-04-30','Pending',NULL),
(97,'2025-05-13','Completed',3100.00),
(98,'2025-06-26','completed',2750.00),
(99,'2025-07-09','Cancelled',NULL),
(100,'2025-08-22','Completed',1850.00);

INSERT INTO Order_Items (order_id, product_id, quantity, item_price) VALUES
(1, 1, 1, 69999.00),
(2, 3, 2, 55999.00),
(3, 5, 3, 15999.00),
(4, 7, 1, 61999.00),
(5, 2, 1, 64999.00),
(6, 4, 3, 17999.00),
(7, 10, 2, 49999.00),
(8, 6, 1, 58999.00),
(9, 8, 2, 74999.00),
(10, 9, 1, 52999.00),

(11, 11, 2, 2999.00),
(12, 12, 1, 1999.00),
(13, 13, 1, 4999.00),
(14, 14, 3, 12999.00),
(15, 15, 1, 8999.00),
(16, 16, 2, 1499.00),
(17, 17, 1, 1299.00),
(18, 18, 1, 799.00),
(19, 19, 1, 999.00),
(20, 20, 1, 999.00),

(21, 21, 2, 4999.00),
(22, 22, 1, 5999.00),
(23, 23, 1, 5499.00),
(24, 24, 2, 5999.00),
(25, 25, 1, 2999.00),
(26, 26, 2, 6999.00),
(27, 27, 1, 1999.00),
(28, 28, 1, 1799.00),
(29, 29, 1, 1499.00),
(30, 30, 1, 999.00),

(31, 31, 2, 2499.00),
(32, 32, 1, 2299.00),
(33, 33, 1, 2199.00),
(34, 34, 1, 1499.00),
(35, 35, 1, 1999.00),
(36, 36, 1, 1899.00),
(37, 37, 1, 2099.00),
(38, 38, 2, 2599.00),
(39, 39, 1, 2799.00),
(40, 40, 3, 2599.00),

(41, 41, 1, 999.00),
(42, 42, 2, 1299.00),
(43, 43, 1, 1499.00),
(44, 44, 1, 1999.00),
(45, 45, 1, 899.00),
(46, 46, 1, 799.00),
(47, 47, 2, 3499.00),
(48, 48, 1, 2999.00),
(49, 49, 1, 1999.00),
(50, 50, 1, 1999.00),

(51, 51, 1, 2999.00),
(52, 52, 1, 2799.00),
(53, 53, 1, 4999.00),
(54, 54, 2, 4599.00),
(55, 55, 1, 6999.00),
(56, 56, 1, 6499.00),
(57, 57, 1, 32999.00),
(58, 58, 1, 34999.00),
(59, 59, 2, 28999.00),
(60, 60, 1, 28999.00),

(61, 61, 1, 42999.00),
(62, 62, 1, 39999.00),
(63, 63, 1, 54999.00),
(64, 64, 2, 25999.00),
(65, 65, 1, 49999.00),
(66, 66, 1, 8999.00),
(67, 67, 1, 15999.00),
(68, 68, 2, 13999.00),
(69, 69, 1, 4999.00),
(70, 70, 1, 4999.00),

(71, 71, 1, 199.00),
(72, 72, 1, 179.00),
(73, 73, 1, 20.00),
(74, 74, 1, 15.00),
(75, 75, 1, 799.00),
(76, 76, 1, 349.00),
(77, 77, 1, 99.00),
(78, 78, 1, 25.00),
(79, 79, 1, 599.00),
(80, 80, 1, 599.00),

(81, 81, 1, 2999.00),
(82, 82, 1, 4999.00),
(83, 83, 1, 1999.00),
(84, 84, 1, 12999.00),
(85, 85, 1, 35999.00),
(86, 86, 1, 39999.00),
(87, 87, 1, 14999.00),
(88, 88, 1, 17999.00),
(89, 89, 1, 24999.00),
(90, 90, 1, 24999.00),

(91, 91, 1, 499.00),
(92, 92, 1, 399.00),
(93, 93, 1, 299.00),
(94, 94, 1, 199.00),
(95, 95, 1, 249.00),
(96, 96, 1, 179.00),
(97, 97, 1, 349.00),
(98, 98, 1, 299.00),
(99, 99, 1, 259.00),
(100, 100, 1, 259.00);

INSERT INTO Payments (order_id, payment_date, payment_method, payment_status, paid_amount) VALUES
(1, '2025-01-05', 'Credit Card', 'Paid', 69999.00),
(2, '2025-01-07', 'Debit Card', 'Paid', 111998.00),
(3, '2025-01-09', 'UPI', 'Paid', 15999.00),
(4, '2025-01-12', 'Net Banking', 'Pending', 61999.00),
(5, '2025-01-15', 'credit card', 'Paid', 64999.00),
(6, '2025-01-18', 'Wallet', 'Failed', 17999.00),
(7, '2025-01-20', 'UPI', 'Paid', 99998.00),
(8, '2025-01-22', 'Debit Card', 'Paid', 58999.00),
(9, '2025-01-25', 'Net Banking', 'Pending', 149998.00),
(10, '2025-01-28', 'Credit Card', 'Paid', 52999.00),

(11, '2025-02-01', 'UPI', 'Paid', 5998.00),
(12, '2025-02-03', 'Wallet', 'Pending', 1999.00),
(13, '2025-02-05', 'credit card', 'Paid', 4999.00),
(14, '2025-02-07', 'Debit Card', 'paied', 38997.00),
(15, '2025-02-10', 'UPI', 'Paid', 8999.00),
(16, '2025-02-12', 'Net Banking', 'Paid', 2998.00),
(17, '2025-02-14', 'Wallet', 'Pending', 1299.00),
(18, '2025-02-16', 'UPI', 'Paid', 799.00),
(19, '2025-02-18', 'Credit Card', 'Paid', 999.00),
(20, '2025-02-20', 'Debit Card', 'Failed', 1999.00),

(21, '2025-02-22', 'UPI', 'Paid', 9998.00),
(22, '2025-02-24', 'Wallet', 'Paid', 5999.00),
(23, '2025-02-26', 'credit card', 'Paid', 5499.00),
(24, '2025-02-28', 'Debit Card', 'pendng', 5998.00),
(25, '2025-03-01', 'UPI', 'Paid', 2999.00),
(26, '2025-03-03', 'Net Banking', 'Paid', 13998.00),
(27, '2025-03-05', 'Wallet', 'Paid', 1999.00),
(28, '2025-03-07', 'UPI', 'Paid', 1799.00),
(29, '2025-03-09', 'Credit Card', 'Paid', 1499.00),
(30, '2025-03-11', 'Debit Card', 'Paid', 999.00),

(31, '2025-03-13', 'Net Banking', 'Paid', 4998.00),
(32, '2025-03-15', 'UPI', 'Pending', 2299.00),
(33, '2025-03-17', 'Wallet', 'Paid', 2199.00),
(34, '2025-03-19', 'Credit Card', 'Paid', 1499.00),
(35, '2025-03-21', 'Debit Card', 'Paid', 1999.00),
(36, '2025-03-23', 'UPI', 'paied', 1899.00),
(37, '2025-03-25', 'Net Banking', 'Paid', 2099.00),
(38, '2025-03-27', 'Wallet', 'Paid', 5198.00),
(39, '2025-03-29', 'Credit Card', 'Pending', 2799.00),
(40, '2025-03-31', 'Debit Card', 'Paid', 2599.00),

(41, '2025-04-02', 'UPI', 'Paid', 999.00),
(42, '2025-04-04', 'Wallet', 'Paid', 2598.00),
(43, '2025-04-06', 'Credit Card', 'Paid', 1499.00),
(44, '2025-04-08', 'Debit Card', 'Paid', 1999.00),
(45, '2025-04-10', 'UPI', 'Paid', 899.00),
(46, '2025-04-12', 'Net Banking', 'Pending', 799.00),
(47, '2025-04-14', 'Wallet', 'Paid', 6998.00),
(48, '2025-04-16', 'Credit Card', 'Paid', 2999.00),
(49, '2025-04-18', 'Debit Card', 'Paid', 1999.00),
(50, '2025-04-20', 'UPI', 'Paid', 3998.00),

(51, '2025-04-22', 'Net Banking', 'Paid', 2999.00),
(52, '2025-04-24', 'Wallet', 'Pending', 2799.00),
(53, '2025-04-26', 'Credit Card', 'Paid', 4999.00),
(54, '2025-04-28', 'Debit Card', 'Paid', 9198.00),
(55, '2025-05-01', 'UPI', 'Paid', 6999.00),
(56, '2025-05-03', 'Net Banking', 'Paid', 6499.00),
(57, '2025-05-05', 'Wallet', 'Paid', 32999.00),
(58, '2025-05-07', 'Credit Card', 'Paid', 34999.00),
(59, '2025-05-09', 'Debit Card', 'Pending', 57998.00),
(60, '2025-05-11', 'UPI', 'Paid', 28999.00),

(61, '2025-05-13', 'Net Banking', 'Paid', 42999.00),
(62, '2025-05-15', 'Wallet', 'Paid', 39999.00),
(63, '2025-05-17', 'Credit Card', 'Paid', 54999.00),
(64, '2025-05-19', 'Debit Card', 'Paid', 51998.00),
(65, '2025-05-21', 'UPI', 'Paid', 49999.00),
(66, '2025-05-23', 'Net Banking', 'Pending', 8999.00),
(67, '2025-05-25', 'Wallet', 'Paid', 15999.00),
(68, '2025-05-27', 'Credit Card', 'Paid', 27998.00),
(69, '2025-05-29', 'Debit Card', 'Paid', 4999.00),
(70, '2025-05-31', 'UPI', 'Paid', 4999.00),

(71, '2025-06-02', 'Net Banking', 'Paid', 199.00),
(72, '2025-06-04', 'Wallet', 'Paid', 179.00),
(73, '2025-06-06', 'Credit Card', 'Paid', 20.00),
(74, '2025-06-08', 'Debit Card', 'Paid', 15.00),
(75, '2025-06-10', 'UPI', 'Paid', 799.00),
(76, '2025-06-12', 'Net Banking', 'Pending', 349.00),
(77, '2025-06-14', 'Wallet', 'Paid', 99.00),
(78, '2025-06-16', 'Credit Card', 'Paid', 25.00),
(79, '2025-06-18', 'Debit Card', 'Paid', 599.00),
(80, '2025-06-20', 'UPI', 'Paid', 599.00),

(81, '2025-06-22', 'Net Banking', 'Paid', 2999.00),
(82, '2025-06-24', 'Wallet', 'Paid', 4999.00),
(83, '2025-06-26', 'Credit Card', 'Paid', 1999.00),
(84, '2025-06-28', 'Debit Card', 'Paid', 12999.00),
(85, '2025-06-30', 'UPI', 'Paid', 35999.00),
(86, '2025-07-02', 'Net Banking', 'Paid', 39999.00),
(87, '2025-07-04', 'Wallet', 'Paid', 14999.00),
(88, '2025-07-06', 'Credit Card', 'Paid', 17999.00),
(89, '2025-07-08', 'Debit Card', 'Paid', 24999.00),
(90, '2025-07-10', 'UPI', 'Pending', 24999.00),

(91, '2025-07-12', 'Net Banking', 'Paid', 499.00),
(92, '2025-07-14', 'Wallet', 'Paid', 399.00),
(93, '2025-07-16', 'Credit Card', 'Paid', 299.00),
(94, '2025-07-18', 'Debit Card', 'Paid', 199.00),
(95, '2025-07-20', 'UPI', 'Paid', 249.00),
(96, '2025-07-22', 'Net Banking', 'Pending', 179.00),
(97, '2025-07-24', 'Wallet', 'Paid', 349.00),
(98, '2025-07-26', 'Credit Card', 'Paid', 299.00),
(99, '2025-07-28', 'Debit Card', 'Paid', 259.00),
(100, '2025-07-30', 'UPI', 'Paid', 259.00);






